window_start_sec,window_duration_sec,tmp_stable_pa,resistance,n_stable_points
90.0,1740.0,10783191.362177406,774840097881011.1,44
153890.0,1810.0,10402374.949795436,747476044296678.0,46
